,Subject0,Subject1,Subject2,Subject3,Subject4,Subject5,Subject6,Subject7,Subject8,Subject9,Subject10,Subject11,Subject12,Subject13,Subject14,Subject15,Subject16,Subject17,Subject18,Subject19,Subject20,Subject21,Subject22,Subject23,Subject24,Subject25,Subject26,Subject27,Subject28,Subject29,Subject30,Subject31,Subject32,Subject33,Subject34,Subject35,Subject36,Subject37,Subject38,Subject39,Subject40,Subject41,Subject42,Subject43,Subject44,Subject45,Subject46,Subject47,Subject48,Subject49,Subject50,Subject51,Subject52,Subject53,Subject54,Subject55,Subject56,Subject57,Subject58
986,,,,,,2.1542067706036283,,,,,,,,,,,,,,,,,,,,,,1.0609596811097302,,,,,,,,,,,,,,,,,,,,,,,,,,,,,,,
987,,,,,,2.4978071519172866,,,2.2574239526539825,,,,,,,,,,,,,,,,,,,1.0536177034220042,,,,,,,,,,,,,,,,,,,,,,,,,,,,,,,
988,,,,,,2.3622798390747124,,,2.221990389431615,,,,,,,0.22010134052295105,,,,,,,,,,,,1.0356228545184127,,,,,,,,,,,,2.063102974921948,,,,,,,,,,,,,,,,,,,
989,,,,,,2.250899313071997,,,2.188420058910934,,,,,,,0.2160361370234159,,,,,,,,,,1.1986856985291097,,1.0610042374515083,,,,,,,,,,,,2.060602102273766,,,,,,,0.008351077774754596,,,,,,,,,,,,1.1697175286321362
990,,,,,,2.2038851539470206,,2.0014108862463007,2.2036094914290594,,,,,,,0.2071667294716986,,,,,,,,,,1.183153147939095,,1.024437238583146,1.0992211368610538,1.2433168895165316,,,,,,,,,,2.053485094185203,,,,,,0.07262698193509085,0.0073984052335625,0.19815255252961042,,0.01592640888587272,,,,,,,,,1.1754232202873953
991,,,,,,2.153445584165853,,2.000621771662268,2.597040830848276,,,,,,,0.19872502610391074,,,,,,,,,,1.34212753075425,1.0329031865326141,1.023256064498741,1.0938184139708191,1.2240825663990844,,,,,,2.0465564511148564,2.0741176652087745,2.121633224145379,2.0004393176527304,2.0481588192961575,,,,,,0.044739769612728145,0.011713176341197786,0.1351223143747916,0.2378834033723246,0.019421822777484,,,,,,,1.0161574317266087,1.002404766100892,1.1803286000306108
992,,,,,,2.118845292712838,2.0004903060268857,2.000434165866922,2.573014382689475,2.00401758634008,,,,,,0.19023332883593247,,,,,,,,,,1.7142517876071433,1.0362845950921324,1.0290621068912769,1.1161915332543644,1.209972083146784,,,,,,2.04205625051868,2.0726686669824073,2.1192827566121775,2.0022100000000003,2.0415631107594225,,,,,,0.02094501725948208,0.014638186363071142,0.13529911313826123,0.7854459187620747,0.025325048864710705,,,,,,1.3538133589903016,1.0192843252409827,1.0011543396380616,1.178197923560321
993,,,,,,2.1730185669227438,2.00004472135955,2.116525640526023,4.027095087382188,2.00453657359689,,,,,,0.1712690818565919,0.22895687388676486,0.5874229942109007,0.2813609900270469,0.0851513218981362,,,,,,2.4308170763588195,1.338171434164685,1.0362619447356316,1.0613491157230484,1.1975092651219177,,,,,,2.0389923416609994,2.083335287297759,2.0695217245255035,2.0017880715869336,2.0369669125164647,,,,,,0.08372642121815549,0.009423529062935958,0.21822601501425076,0.7378833878737209,0.024665396814160648,,,,,,1.3217935992216128,1.0171231568351171,1.0029557570942147,1.180074728091451
994,,,,,,2.229404099571041,2.00003,2.3548485345890553,2.4498549321725847,2.0014515164484084,,,,,,0.16573130362125282,0.6943044192571441,1.0056260404561976,0.47458162848976787,0.07459100608652489,,,,,,2.3156103661038854,1.4892457040434794,1.0458423915034984,1.0895427428661866,1.183702436020865,,,,,,2.035680997912089,2.098053631630858,2.011384978875694,2.00169,2.0627479145151453,,,,,,0.07153594963373308,0.03742968474352927,0.41393976285082823,0.7831120922320125,0.027500016363631585,,,,,,1.291905547052467,1.0326625550133484,1.0121760420498618,1.1762361372392167
995,,,,,,2.2184320042942427,2.0003929376540874,2.1122170726761307,2.2189271705385147,2.0040241893593618,,,,,,0.06131307527762778,0.6838384525602517,0.8863514442663248,0.566394020244741,0.06076063627053287,,,,,,2.263381551361662,1.3003109245581985,1.0542649288591628,1.123883245436984,1.2311403086201103,,,,,,2.033062410400943,2.0666938315363574,2.0166880969855763,2.0014797972834146,2.1503906945259583,,,,,,0.06358462962068744,0.3110275312572828,0.49906645675801553,0.7222241794796128,0.03316531471281405,,,,,,1.26634025155804,1.0259844338017972,1.014507270590983,1.1659402720890863
996,,,,,,2.1986003084086225,2.000233452350599,2.0367847210129426,2.5780477157640194,2.000600333240792,,,,,,0.019836574805142455,0.6881544368817223,0.839467388405291,0.6427398580304476,0.04806803786301252,,,,,,2.36914742525449,1.262017239158037,1.058784608083749,1.6867074090178433,1.2706134982978496,,,,,,2.028758439759627,2.1028043575146502,2.1166088114166337,2.000919673855233,2.0630896560539047,,,,,,0.0606784774446426,0.307938441413215,0.49308639861590187,0.6846482539238671,0.03839835933995085,,,,,,1.2443393445599786,1.0280104998170327,1.0090589016994336,1.1607612799183933
997,,,,,,2.1370942639208512,2.0005491812087097,2.042107610950991,2.0817888892209697,2.0006789698078706,,,,,,0.13765592068632593,0.7446966583784299,0.8955569664181056,0.6487261335116691,0.03702536240200756,,,,,,2.3226299504396533,1.7008975112653775,1.0603811540983612,1.4763841845611583,1.274601688450745,,,,,,2.0901922156067636,2.3466763612573116,2.5372456003551824,2.001594553228964,2.0782360638644355,,,,,,0.053095930926955304,0.39286976480762686,0.5069711976128427,0.6472730161037149,0.03656488069172393,,,,,,1.2244149337722425,1.0319309645955146,1.0423302173393902,1.1536520886808896
998,,,,,,2.1179708917487696,2.0005147815070496,2.0335163318398655,2.0959693753235897,2.001580284784461,,,,,,0.6654945869051071,0.693111657959957,0.9367693081143297,0.6378891667053141,0.026693839027011508,,,,,,2.15309257364706,1.5120001449462686,1.0645243450291437,1.2212031979877331,1.2375952805697115,,,,,,2.0412710132282936,2.2500095333554504,2.3677480409193223,2.00137673526867,2.147195592664998,,,,,,0.05313117743848703,0.38708246666569646,0.50440762806731,0.5936082851207519,0.057108605306030784,,,,,,1.1884749426316403,1.0332406212336653,1.0548216499204466,1.144384693375025
999,,,,,,2.109239942328802,2.0010062305898746,2.0372657550574256,2.088474705989904,2.000771038261048,,,,,,0.6536830712967874,0.5995719201230154,1.168820929352914,0.6108745201757889,0.019175950145951047,,,,,,2.004899310478418,1.5404123750368788,1.0548621951300712,1.4255478658153506,1.2013800965438248,,,,,,2.0727267979135613,2.2776776893828528,2.252266170938555,2.00076026311235,2.194655573853538,,,,,,0.06537139559470946,0.24492280008198516,0.4744863565652444,0.5970839647821736,0.2621308985983912,,,,,,1.212986431492713,1.0268412536965024,1.0660250573646095,1.1367388697481446
1000,,,,,,3.739882467324276,2.0009052071586106,2.043914428152943,4.306092868799737,2.003082872037565,,,,,,0.5760967943844157,0.8875616081151774,0.7517819954008796,0.5856171297016505,0.02176741888695124,,,,,,3.434529921956188,1.6541436154622318,1.1205897533623814,1.3558857492229779,1.140981269497051,,,,,,2.0979940149274943,2.265405557093291,2.210834509509235,2.2022557588796916,2.241459321377846,,,,,,0.07978850649059678,0.311049991199164,0.48473840328541123,0.7248423967318691,0.2568051965985111,,,,,,1.2194598113550628,1.0222158614507741,1.0703622754037987,1.1274401663526847
1001,,,,,,3.173403107687384,2.0015669716015303,2.1014758690526962,2.974475656044829,2.0013752817893073,,,,,,0.5126399290925356,0.7384289772889472,1.5752929880488897,0.58351955100065,0.011319598800310941,,,,,,2.341449759402118,1.2595227813429872,1.1292702201345692,1.9002873324111584,1.1141455168852457,,,,,,2.1133180032175383,2.2444927947731794,2.068540105048067,2.2581576659717855,2.3791716687412183,,,,,,0.0490361246939437,0.4128683552041739,0.3748466106876252,0.6847809522029654,0.1557616733988177,,,,,,1.140625068888872,1.057560072967292,1.6000067033792207,1.123268072914279
1002,,,,,,2.7012554993723756,2.000972933707916,2.005495634631232,2.528384502635155,2.000333016516107,,,,,,0.48598959875701037,0.6036933136949589,0.5819424553166742,0.5034813169324158,0.13443045271440543,,,,,,1.7489576389222554,1.1558004548420833,1.1532870908836095,1.1744565668010232,1.1799618037918054,,,,,,2.121177260061449,2.220542333804646,2.171240223370562,2.0698037971746523,2.4551589809956513,,,,,,0.04592092482735945,0.49098983339780083,0.3184238656508019,0.5767906049858998,0.09055480384827767,,,,,,1.1140931023331384,1.1668713016069567,1.6794661270438724,1.1147512736312761
1003,,,,,,2.725543882201483,2.0017582377541165,2.0353346642831087,2.3269438234620745,2.0005510898293384,,,,,,0.448661267550476,0.243396641307969,0.1711012136134632,0.4793403275335805,0.15810342602233515,,,,,,1.3536189464663908,1.155191574741543,1.151179702724969,1.5260216370074522,1.2879843511807538,,,,,,2.1257786336426023,2.2045754320538027,2.2894717438714878,2.011222584372595,2.3542986595740945,,,,,,0.060358648435829027,0.5930634183592847,0.501788580070332,0.47692931604169575,0.0382123121519751,,,,,,1.1793896881094348,1.2525626179781955,1.6212165536268328,1.1072859972223774
1004,,,,,,3.050227229698412,2.0016080111939902,2.0594200412318946,2.098929947942976,2.004914671911735,,,,,,0.40709350829999763,0.21546190591378278,0.29268366968452464,0.5292424157227003,0.15829252864238416,,,,,,1.3002100281469624,1.308930264162254,1.149459408967786,1.5271376233963956,1.5065933585638487,,,,,,2.126874760236227,2.213949209159557,2.7125785683698327,2.03305513727093,2.287617397248497,,,,,,0.0552885705819928,0.618992830120834,0.6266201044620258,0.4038294958271375,0.007050957381802858,,,,,,1.162349896827808,1.2237785067874034,1.5240861885224612,1.099366829475434
1005,,,,,,2.820593003494424,2.001121605991425,2.0796906042140475,2.1955615872302126,2.0038410545427006,,,,,,0.37660493265489753,0.5507976632121819,0.9358558495836851,0.2458249344553964,0.16876893925127334,,,,,,2.0821815227585434,1.5435076467732536,1.1605082399411322,1.4471383871912589,1.6429097790117988,,,,,,2.1265765740490714,2.250935290463498,2.435199276194251,2.0900301088525386,2.251455053836665,,,,,,0.2859412683332016,0.6208986544590027,0.7968658830844746,0.3605970317404174,0.02699375112873355,,,,,,1.1134586713301362,1.1639305084479399,1.4323300843105877,1.1185172160489776
1006,,,,,,2.587931077052404,2.0009608329719573,2.2167806543490447,2.62763889697819,2.001018331969448,,,,,,0.33901354545209544,0.7849685072026775,0.6862784718319528,0.05426196550070742,0.2513095559345087,,,,,,2.2040629042122344,1.5485652792229927,1.1673325398749448,1.3870960459627557,1.6747794778510978,,,,,,2.1253721380730184,2.250762796682442,2.1448620464441945,2.1176824732065054,2.185381359634673,,,,,,0.23623158321655469,0.5409316187060986,0.44251544483328475,0.2991162439587666,0.04832901095615334,,,,,,1.3116825570993667,1.395881865459887,1.1795637115343747,1.0964821605272186
1007,,,,,,2.465746133102573,2.00088955044826,2.3520273810373276,2.940439723958958,2.0002863564212654,,,,,,0.2995599904209506,1.516186480615099,0.8069158683530763,0.18122783450673371,0.2298378300019387,,,,,,1.5214516768225033,1.5414434789357057,1.1466467409934502,1.3551084461118887,1.703053887510765,,,,,,2.122565564266641,2.216932831309602,2.1160359069426358,2.034316998703267,2.0956368637085094,,,,,,0.40083541299266456,0.4652857752231422,0.35990424834391777,0.2503771876589397,0.13160457894769484,,,,,,1.50312669984806,1.4606345201013489,1.3359161896961798,1.0896452681405995
1008,,,,,,2.469184705948521,2.0011543396380613,2.3779246121913733,3.06568786199337,2.005064948173476,,,,,,0.26479293300426276,1.4513435025864827,1.7085886867529003,0.2258121560058265,0.31049607163376464,,,,,,2.521229180327869,1.5679352779366678,1.1349235587619892,1.3552817823925114,1.7173829119347632,,,,,,2.1185176489979445,2.187754298219774,2.1029865942732355,2.335197413623673,2.0789414821244194,,,,,,0.35832280303101005,0.38530784528218487,0.2927934457326527,0.1350703242759121,0.6127225631556258,,,,,,1.5090500596247878,1.3716315166519113,1.3531969236842243,1.0836486843889372
1009,,,,,,2.7437870411616485,2.00076655071587,2.359250168128005,2.8116931481785463,2.0012529964086143,,,,,,0.23488481517756743,1.6995288702228628,1.3648814598916639,0.2725617324570717,0.331516742412808,,,,,,1.117354823079412,1.6138236230465557,1.1293220582731345,1.303822784695289,1.7492461601643348,,,,,,2.113115960500718,2.170144512988224,2.1529483311448674,2.5530523592753225,2.052861033852924,,,,,,0.3239498174856717,0.31830941526916817,0.20201801553326842,0.22419252886748872,0.5575534647905976,,,,,,1.2059031831614078,1.2936968132275188,1.4762677929484636,1.0881132254545252
1010,,,,,,2.2378045181509383,2.000445533388199,2.2854783214186325,2.653863733586747,2.0010492378186093,,,,,,0.210004750651027,1.9452305117443023,1.04746098521186,0.32982355585979595,0.39497875309945457,,,,,,1.2035278796627134,1.6735403615226039,1.1309041483911033,1.2980643818036635,1.8297047178761852,,,,,,2.1078136933881777,2.156907438956858,2.253241238545384,2.5873002961007256,2.078059952600549,,,,,,0.2753153508560683,0.18548396291863037,0.1699962684884577,0.05341213438910708,0.578618270364841,,,,,,1.0852688492299496,1.169457850806624,1.2581849496000879,1.1171228026474775
1011,,,,,,2.560009199719076,2.0016602710622067,2.1948235049987552,2.1184241246537208,2.004972987029945,,,,,,0.20635650226346147,1.369040008911354,0.44582036438458034,0.47789729492852323,0.4270602116798054,,,,,,2.9678132204302314,1.6410318389908571,1.1341956049392081,1.272962593957487,1.8198514696998476,,,,,,2.1005001977560243,2.145740179772086,2.207514483349958,2.599640736524796,2.142945945727747,,,,,,0.23529139577341115,0.11311370422720704,0.09864091240453939,0.07005194715352349,0.5254909766113967,,,,,,1.0849330249137519,1.118270555084518,1.2068619757229442,1.1539388034252571
1012,,,,,,2.524036996122411,2.000394461658466,2.2107167769780087,2.4468787171213235,2.0043603325561246,,,,,,0.230265674249572,0.08879393954544412,0.10919142836779817,0.6831116694948197,0.4601884367299985,,,,,,2.6380023572937863,1.6051577692635202,1.128773228157098,1.2442162904066802,1.7948900676722537,,,,,,2.1017265989818297,2.1020542742857935,2.2418925044312035,2.7242463062384235,2.465176765649361,,,,,,0.1799932543180439,0.05936999347313422,0.1332478330030171,0.14421017613192164,0.4850558784305165,,,,,,1.1049389633834832,1.0980735122242493,1.3626220964034044,1.1626906918050326
1013,,,,,,2.503068631370512,2.000879317917479,2.174742532029269,2.411255348474643,2.0045960526541804,,,,,,0.24515533195098987,0.9373849895320495,0.418711197156226,0.7527231545528544,0.4694856611228932,,,,,,2.0153782026909965,1.5648284837895485,1.1232517110996842,1.1081684066629438,1.7790435985931725,,,,,,2.0908010921366587,2.0227079941870696,2.2454645499863473,2.7049343033219477,2.132744651493008,,,,,,0.6343496180506457,0.14944684038145511,0.2903919592550735,0.2204218149367258,0.4330616834816951,,,,,,1.1259804391324302,1.1151383172536409,1.3111688347183887,1.1668825581059927
1014,,,,,,2.525332973932724,2.000741687265631,2.1322651220087896,2.3831740854807384,2.005398740593879,,,,,,0.28392678668980836,0.8461383932312724,0.39434575314690534,0.7691907303133596,0.44791126721706787,,,,,,1.7656905984142683,1.5274526364518424,1.1180528185601681,1.183311719483507,1.7055237262126623,,,,,,2.0874127135106217,2.2000928089662395,2.237001318561733,2.5705834365804883,2.12362860914853,,,,,,0.8067611268622206,0.5770788111895976,0.4245474264437368,0.33674630584462223,0.3631522381866866,,,,,,1.1405189951572385,1.1121122352823278,1.4421317139722054,1.1694313810957109
1015,,,,,,2.5868606411235975,2.001205404496424,2.0944926520952825,2.4325135699882723,2.0011634861408716,,,,,,0.27842678837353285,0.7881344247017767,0.47371045618183266,0.788829459515807,0.4852226575501193,,,,,,2.0469924334015026,1.4759976907507015,1.1130113468683565,1.2112701798645518,1.6454590945644814,,,,,,2.0841025244354174,2.265391689395128,2.2285503500325476,2.451544222640485,2.1134355720221834,,,,,,0.8068696464268562,0.7084577661942882,0.43380694519567103,0.4669030316885936,0.2512575923230979,,,,,,1.1448507120486469,1.1198044761267285,1.4461348022739318,1.1719546140701085
1016,,,,,,2.6106948845372786,2.0013901438774457,2.065797134436083,2.439302718417494,2.0042304255105132,,,,,,0.28176064487433294,0.6153821733687118,1.6022820454117932,0.8034807855978885,0.3045669747362636,,,,,,2.9759094677125266,1.4305839913419909,1.1256967145553136,1.210525637393644,1.5849274781551985,,,,,,2.0806830566847836,2.3120398141263387,2.321250145836543,2.3751634493777347,2.3775720755034726,,,,,,0.8351410641322818,0.7498422180011538,0.42810732696369497,0.5312585679309086,0.13348211340850136,,,,,,1.1547497137347917,1.1212005152629314,1.3442845179499066,1.1704819298342202
1017,,,,,,2.612314382323329,2.0008489994110716,2.046770045969616,2.4410774872967336,2.005502045074334,,,,,,0.2757893509546734,0.44108117676908426,0.0,1.5558901840285033,0.2272156572509917,,,,,,2.500259836200383,1.4450328312607965,1.1540618262885391,1.2581818227528807,1.5294403165692991,,,,,,2.0929236265166185,2.347467584819073,2.3946570950534145,2.3105898678321624,2.080444786033652,,,,,,0.7234217366101188,0.7238502057904589,0.5005784785625527,0.543132194037511,0.3513581456292135,,,,,,1.1489083278396475,1.193683717436443,1.0226943032499345,1.1825831550280583
1018,,,,,,2.607960757944129,2.001312135663718,2.0366407218815348,2.4433401265676276,2.00098,,,,,,0.2762004404413579,0.3399482456198298,0.5756695483660746,0.5921085525475884,0.1451938280368692,,,,,,2.1916651492764228,1.4204619180139855,1.1692673594605882,1.2557897279016497,1.4952206395133387,,,,,,2.100510054114004,2.372210481448333,2.409434770200334,2.2466474800195613,2.11185361952123,,,,,,0.8016142526701978,0.6691737285518612,0.6260935733578491,0.5381899706423373,0.3524332028909877,,,,,,1.2817838036509552,1.1657077336758916,1.1262786525902138,1.1967163343497433
1019,,,,,,2.5879083814677246,2.0010155294185794,2.042896034781784,2.4828779582399676,2.0046737672171386,,,,,,0.2602445177136301,0.273024897948887,0.9913682279234085,0.5079404886401554,0.0729072952454006,,,,,,1.1951787678001888,1.3398924260703677,1.167661486394461,1.2572360068108663,1.4071030364772532,,,,,,2.1527764204123137,2.3828460479096005,2.395028717157234,2.186493917713152,2.0511132742054357,,,,,,0.9451588193587148,0.31279877513986526,0.6395175272031249,0.5534762048182376,0.1780045912329233,,,,,,1.3363341946635816,1.2440296055809623,1.2045347464368832,1.217102351898822
1020,,,,,,2.614708396314871,2.0009986490875176,2.060450413563515,2.6275922935194473,2.001323820229487,,,,,,0.25344800906694837,0.05438354162795943,0.5308425488683064,0.44657994401898554,0.21125974770410003,,,,,,2.352381362338302,1.2718093379558542,1.1705606273000895,1.2437286429617989,1.3412334828368988,,,,,,2.152391811696036,2.38732158236277,2.376332353047263,2.1362189814439123,2.0786397513983856,,,,,,0.7886110143345452,0.14391776319829344,0.6236926045737593,0.5829164216249191,0.14126910667233644,,,,,,1.3805481174569125,1.2463041512033441,1.0667959549673482,1.2282455189045343
1021,,,,,,2.580322952242973,2.000961769203083,2.0648590625895875,2.6790920994268745,2.001095901455424,,,,,,0.243616022666819,0.07374611379591485,0.3637250156972984,0.40685870618680386,0.30766638051629924,,,,,,1.8697276312156577,1.2012958283223971,1.1641496719003726,1.3107099988735476,1.2096690616185417,,,,,,2.1448290453776453,2.375035511886541,2.3594857607750273,2.0981443707141523,2.1041590116120545,,,,,,0.6431446819060231,0.10131855703670475,0.5989916831642994,0.6549218728978288,0.12686419983588756,,,,,,1.410782499262079,1.1817249641628798,1.1796766094960605,1.2203995558071747
1022,,,,,,2.456564580316958,2.000918095855562,2.0879098088952532,2.6893341497416183,2.000820792300159,,,,,,0.23078511260477802,0.16983462603368008,0.36790252437432436,0.3662403261521047,0.31784407529478975,,,,,,2.0987494492376326,1.1371775090895013,1.1676256032472367,1.358702515792683,1.1456738143936658,,,,,,2.1384764919327464,2.3585748787716314,2.342001432476532,2.0653088597071636,2.103866655380829,,,,,,0.561565778405344,0.4495575806011951,0.5740413438943224,0.655896322981003,0.11546950463217553,,,,,,1.4742007298602562,1.0699487505249385,1.2304071335701223,1.2189702673880636
1023,,,,,,2.373946810388858,2.000890224690738,2.109793493431988,2.6647185853427,2.0007940403012445,,,,,,0.22097218580626848,0.2391528893825034,0.6978348708856559,0.3497653689260841,0.3202300304468649,,,,,,1.6943277414161129,1.0716750179630248,1.1633127183902099,1.4752067327847955,1.0786021170198354,,,,,,2.1887112061881857,2.337508131141888,2.375535903557836,2.0383757984802924,2.1426579826017464,,,,,,0.7117518768285759,0.4428522979504566,0.5377971811008311,0.6601356389137008,0.07753509721410028,,,,,,1.4768300419436682,1.1000994785201204,1.2264588262797451,1.2112559000359517
1024,,,,,,2.295982852543859,2.000862844134245,2.171397759903681,2.651838219959523,2.000759605160593,,,,,,0.21330205109187264,0.3103517697710132,0.12155266718587454,0.31270069555407154,0.24365315040031796,,,,,,1.2164463122808986,1.111517990028515,1.1559355128242441,1.3659127915641238,1.0519518892822968,,,,,,2.5581004283675117,2.289745705101905,2.455154155534144,2.0745466491533993,2.1673504768442555,,,,,,0.39899046451293846,0.3484971379638577,0.49918418734971953,0.6036014817543112,0.07444934452364267,,,,,,1.4694818556664355,1.2032172758404167,1.2460742408298766,1.2027736001061278
1025,,,,,,3.273480047272041,2.001182243629714,2.1796979746686094,2.62112106686217,2.004770660331652,,,,,,0.18846104531175703,0.3453437316645548,0.16452789246811667,0.2501368195608155,0.19301417823569328,,,,,,1.2397360949043756,1.2252680647584118,1.1533291168018651,1.3533869265157528,1.1470360534018782,,,,,,2.6447184660462275,2.298690870581945,2.4971540876830844,2.195960329886332,2.1854086570255022,,,,,,0.34108297920923863,0.32186340911169137,0.4976528554082656,0.5729528126085079,0.05645255175809152,,,,,,1.480484764819864,1.2332706121653563,1.2566311612022205,1.196913970301754
1026,,,,,,2.071015649683714,2.0009404786015645,2.2330134822279604,2.6203635106129304,2.001721656179381,,,,,,0.18192270144212327,0.39648015952882215,0.16225811782465605,0.3098278827026388,0.17195328493518236,,,,,,1.3009459034444566,1.2688746170615588,1.1437742470717214,1.360434804397411,1.0564992079590498,,,,,,2.6277762742378847,2.1527722976491486,2.4897875981484217,2.2976125211723457,2.195064330414353,,,,,,0.27509620534642076,0.30864895609737614,0.47977580425878086,0.5258682481991093,0.05442722204926464,,,,,,1.533142189911847,1.2229912110375647,1.2713048565728229,1.1818701212404061
1027,,,,,,2.8743757106072887,2.000573846669416,2.2508512646968315,2.5794063010530692,2.0013189389675037,,,,,,0.17685094119059688,0.3816031008783867,0.16803961259179304,0.22744361872780702,0.1713978325417216,,,,,,1.3896963535882776,1.293673072139752,1.13773667748123,1.3506901051583862,1.0586200213237762,,,,,,2.5834438312202814,2.127961712730801,2.4782882721748467,2.31828279190682,2.187795246212464,,,,,,0.2608611137674606,0.2862272525459448,0.4646790644909237,0.48090225805250686,0.04916469668369798,,,,,,1.5880338940061192,1.1903891049929067,1.2769359725640568,1.1673998160094567
1028,,,,,,2.108210412160753,2.0011101801655586,2.257706950818173,2.4815073000485044,2.003996523489234,,,,,,0.1633824240853343,0.37442460522780785,0.1878592571581188,0.06218087567733298,0.1780403878337722,,,,,,1.4156747191013666,1.316604002659474,1.1312364491352918,1.3306599003644077,1.0941055009019134,,,,,,2.6154610311051383,2.1349882531926387,2.4616252377199497,2.3324043009784923,2.1877653732720708,,,,,,0.3271800901170485,0.24787475264738018,0.4320926192669808,0.4417152462843005,0.05923846132370424,,,,,,1.5967062045001712,1.1370240011822752,1.2746593120576835,1.1863897489133999
1029,,,,,,2.1001346263786904,2.0017983603643326,2.260762132220152,2.417414884856781,2.000725603197347,,,,,,0.15749342240233447,0.36061516953672346,0.22450306924405214,0.11160215634117449,0.23554447499357725,,,,,,1.7193728869647509,1.3331334184677366,1.114019653130502,1.330725882416239,1.104707576134681,,,,,,2.7920477416772296,2.137417438485805,2.450085782268225,2.336731976503569,2.1770137034243393,,,,,,0.33347160193935543,0.2656010476259463,0.4026882240654673,0.4035404833470861,0.06754642921724287,,,,,,1.5884431725332533,1.096018407089474,1.2664916901143448,1.1311061512668266
1030,,,,,,2.112071906381573,2.0009362157870916,2.2632234239196807,2.3302015754050855,2.000340587727319,,,,,,0.14235745045483217,0.34612630873714323,0.3255941676381818,0.09068198498048022,0.28557341402868697,,,,,,1.6602022657489144,1.335804198306096,1.1296568816877839,1.391422904925095,1.1164867481733438,,,,,,2.8947571948098547,2.1686719564717265,2.414185755911523,2.354253739570946,2.1630949171494924,,,,,,0.25587783589048896,0.2058155953760548,0.37099443661596865,0.3429444141548306,0.06666794882100373,,,,,,1.566295714269497,1.0721044381435707,1.2524106978715444,1.0734769256297505
1031,,,,,,2.1189691829845025,2.0018361917111243,2.2844719321831244,2.4502995058846935,2.0009404786015645,,,,,,0.14274376658894739,0.3611536715859331,0.3471340664642408,0.07113395391794261,0.28542504340018976,,,,,,1.5380231612114856,1.3322436711210615,1.1321637261127275,1.3998093245535927,1.0695269559235838,,,,,,2.4862475635681887,2.1930892855649944,2.424375657289624,2.3523121391607162,2.1968329748797193,,,,,,0.14246284603362414,0.15346666250362,0.3449888254712028,0.28189385023444546,0.0695526074277595,,,,,,1.544988223725981,1.0721047827817267,1.3157111141534297,1.0467784961280295
1032,,,,,,2.125890595359621,2.001175925167687,2.368639000785321,2.096029752160463,2.0002420743687384,,,,,,0.13065555403426182,0.44864814064030173,0.29106177213780554,0.0530759776169973,0.3310338185140603,,,,,,1.262858106589848,1.3214369302056004,1.1410449155446587,1.4019286863362705,1.0477395444050317,,,,,,2.4074688473110557,2.2128125903230353,2.3640416575063905,2.2881019300525423,2.198359674581302,,,,,,0.15853679099817813,0.12313314460371722,0.3225422584716612,0.2696113499094578,0.06922261263488948,,,,,,1.5206739344349782,1.0873997036608252,1.370812751129192,1.0256427455628288
1033,,,,,,2.148759379200103,2.001403566884762,2.3682682539725626,2.1139408065620042,2.002023585926023,,,,,,0.1338095157303846,0.46744652581872964,0.2539663788772051,0.0405697288627864,0.3395682707497861,,,,,,1.7699051357797275,1.3587664818513567,1.1394668624046587,1.3937188136221077,1.0408568843648167,,,,,,2.3241266655182815,2.2535108964127577,2.2932257814381267,2.2823254809612483,2.316856640927723,,,,,,0.1419013093667566,0.10211980268292757,0.32122623631951364,0.1744439408520683,0.06730951270065814,,,,,,1.4959621390791842,1.1031111991977596,1.3739965375508172,1.0107220567056883
1034,,,,,,2.2068579435264692,2.000813941029805,2.3988217600582997,2.1157882420628282,2.001438506169608,,,,,,0.11667364783874756,0.46524726501076785,0.05307965806219932,0.04359462925636652,0.37738135155304114,,,,,,1.166582539601244,1.4530841751816101,1.1420948279706198,1.383989660407673,1.580027427799755,,,,,,2.2215603685228924,2.2908913542888483,2.249100497992276,2.262361282395097,2.312875277387012,,,,,,0.07638950975101218,0.10291617754269707,0.3135382190419535,0.10115133661993801,0.05277223891403459,,,,,,1.4419407820059154,1.154707776469058,1.343615034158868,1.026661997299527
1035,,,,,,2.218592156538153,2.001536001302082,2.3768858142780647,2.104314962014085,2.0010143470806385,,,,,,0.11204907585518019,0.4611721973406466,0.10068030442941621,0.04487775618276751,0.349326584765603,,,,,,1.3102474937852036,1.479624860489946,1.1383865286651846,1.3761570217342753,1.1418849340134458,,,,,,2.18330094953382,2.297131144951181,2.2529270380959696,2.2608067644828256,2.314418404836613,,,,,,0.049818202496677635,0.11212856906248284,0.30458618566835893,0.0637394234363631,0.07919791474527565,,,,,,1.4250771328829628,1.1545599744435797,1.3316523180983364,1.0373082309953183
1036,,,,,,2.180736476119238,2.001162497311825,2.3890871872175183,2.0958625317837996,2.005412254613375,,,,,,0.10582365567301084,0.4474228694423206,0.03753977224224953,0.06133360742692421,0.32090617137256805,,,,,,1.3920741318934469,1.4699026227847636,1.1227706842063283,1.3543844787797572,1.1685432941412972,,,,,,2.13908926665994,2.274348946052286,2.13778345365101,2.2103088350497906,2.3494168440416114,,,,,,0.08843164874636227,0.1784766855922644,0.282890958674893,0.023990275113053797,0.04718457904866803,,,,,,1.3843619429652216,1.5272162184531124,1.3160109381018321,1.047614724613296
1037,,,,,,2.254712474174313,2.001534568343216,2.4283825994785504,2.1120854963855717,2.0026071632093143,,,,,,0.09896769978129272,0.43397470076030925,0.17200323398122538,0.06549258965715077,0.26216449447627344,,,,,,1.4999912889241174,1.4644454456661196,1.1811882417730273,1.3396153815715655,1.2431187078363166,,,,,,2.1179673395478598,2.257285472772949,2.1322863326273733,2.1761889874538136,2.314414139790182,,,,,,0.11312857508163006,0.18946064630946435,0.25695392369061054,0.054000660181149414,0.035035377834411914,,,,,,1.3156620004054969,1.176560662096629,1.3014125919731956,1.0527719480406015
1038,,,,,,2.0551807692951085,2.0004753945729603,2.5727232674197897,2.157734882001414,2.0006315853069854,,,,,,0.09609761703601159,0.42255402319230145,0.2482093062316559,0.10069653420053822,0.28781612195816964,,,,,,2.6075132900850306,1.4444083752586128,1.3552910743796767,1.321961700206717,1.2479695426861936,,,,,,2.1347044160374855,2.2411939903894784,2.1191035620793937,2.1544912748345353,2.2933972982152353,,,,,,0.1290439882365698,0.20487559639937597,0.23295027817111508,0.10442880541306614,0.051468274694223076,,,,,,1.298166745463004,1.1753448137242732,1.2849204365362372,1.0544405216727393
1039,,,,,,2.1792622592739477,2.0016502424064364,2.623683043861223,2.2575089142146343,2.000421900462195,,,,,,0.0888600360116969,0.4049812011686468,0.30086844434071214,0.09923597835462698,0.19166825239566931,,,,,,1.1440389006484013,1.4282502166958004,1.2474073453994647,1.30109121956643,1.3416794101200713,,,,,,2.0796803921928095,2.226500547460707,2.070114857198742,2.136602609418708,2.274039074951,,,,,,0.15438279956005446,0.2137224176940737,0.21175449676453187,0.14775813513982902,0.11212438539407894,,,,,,1.2147200749813583,1.1591432050073138,1.2704698860668224,1.0558385708986182
1040,,,,,,2.0933035160109195,2.0008683317338436,2.6581616203486798,2.1327874335168806,2.0008438601779917,,,,,,0.10527469259038455,0.39783276381037297,0.24893872659752975,0.13541989107955968,0.15155397842250795,,,,,,1.1484857343316182,1.4085481875177028,1.1557372520015683,1.2990452520940603,1.3821626011267973,,,,,,2.233184764725314,2.2230231579903754,2.039035781022031,2.1000106539324688,2.189691846951839,,,,,,0.1924792936915556,0.1971737021004576,0.1916607471549661,0.15203932188746425,0.11259265784232975,,,,,,1.1289471209449824,1.1395546219227437,1.2561371319605965,1.0513431524158776
1041,,,,,,2.0323783338051857,2.001540292180075,2.6844839808936367,2.249902231282556,2.0004304648650004,,,,,,0.10174923341234553,0.4820443735601527,0.3006228866869592,0.16702698614295877,0.12069489382736953,,,,,,1.091830857558884,1.4611187273371145,1.1357067857551713,1.3042730216433913,1.3457073424155181,,,,,,2.2107556177187218,2.21088245564769,2.0418678516286657,2.138350637512084,2.108021066463908,,,,,,0.2674119039983069,0.2111172898746094,0.17392390807476696,0.15089059778528288,0.1764752631390589,,,,,,1.0848455096042213,1.2417775657500085,1.2399545419896028,1.084336220569812
1042,,,,,,2.045570009874917,2.000979897953871,2.6777040587896748,2.036035295197903,2.000556057550978,,,,,,0.03700759921961983,0.49427335234260816,0.22687304820097015,0.19451807782311603,0.12441485546750433,,,,,,1.0943635231432147,1.446154080839468,1.309805927341618,1.2053787997822565,1.2862419347335396,,,,,,2.0884825525174313,2.1973212816702747,2.045495467906155,2.0931357428702855,2.0751399873569327,,,,,,0.3063336006709025,0.21155648197112814,0.1582922818712276,0.14495409273283724,0.20305124796464546,,,,,,1.0474569130896652,1.0608488964567147,1.2277617489923187,1.072521385811359
1043,,,,,,2.0834301534218893,2.0011524755962706,2.6772713315208314,2.2081309628575236,2.0048440685379134,,,,,,0.011341379986580337,0.5128664765804057,0.2071104599000257,0.20451612992622373,0.11801982418221106,,,,,,1.4160675816499044,1.4232838111842105,1.5690703423444239,1.204472873506487,1.2646106951731164,,,,,,2.367298701467892,2.1873616772448417,2.0692571223774134,2.0882503263450065,2.2167111146203626,,,,,,0.35963541719358005,0.2105954159638809,0.14380856476580198,0.1327093097713946,0.2077698036289204,,,,,,1.0175197973732568,1.1405212930484205,1.2401689626575425,1.0859510197728912
1044,,,,,,2.1007309684258026,2.000588302643203,2.670104172349345,2.2149057691175367,2.0038608030252787,,,,,,0.015533969228758009,0.49276200513026586,0.13331782476473297,0.21460649477590388,0.14337038544971556,,,,,,1.6225848600793311,1.3805206015460922,1.5149215897163373,1.1842098990282552,1.2482503222555816,,,,,,2.3719333764264783,2.178204020717828,2.046527587515365,2.1067211904918604,2.2959670936100838,,,,,,0.08937775674070104,0.20465419522941558,0.13307049034252458,0.16523572555594654,0.21356899400427976,,,,,,1.005865782130288,1.2029235927633841,1.2885547727624687,1.0978270075183745
1045,,,,,,2.120027328971364,2.0008981091247735,2.521487734946854,2.224949114468139,2.0014089002803606,,,,,,0.03504416071187935,0.4700056485830779,0.0886335309011206,0.21429884227405446,0.16952718573727335,,,,,,1.5713562227717484,1.3521914296586446,1.5058887969702432,1.0596887694629404,1.0866060621434783,,,,,,2.3161808612171204,2.170116210279914,2.0292610628651797,2.1125070100038212,2.3369361473632653,,,,,,0.04419862554424072,0.19986331726707637,0.09633806983742221,0.08063647809769457,0.21116347458781742,,,,,,1.0062848468557317,1.253052332927401,1.3739266388277254,1.1418054900206616
1046,,,,,,2.126930003151343,2.00033,3.1588952647241246,2.193533991329689,2.005142810515662,,,,,,0.050667784636788886,0.4359585210774072,0.014025922429559474,0.21255760278098754,0.15172209893090716,,,,,,1.470142289206151,1.3375589123397575,1.497285835310036,1.0353562215175773,1.2028392767685787,,,,,,2.308909860800849,2.160483266728964,2.039749367290562,2.130648004959892,2.4063151097362736,,,,,,0.089283241988628,0.23231930255792352,0.12846631659699748,0.03197151388345559,0.20117480483400546,,,,,,1.0157671208532189,1.2885403697925126,1.3815486086988131,1.1567074423886754
1047,,,,,,2.1306550955761003,2.0012280065146406,2.455438584333826,2.1770011596007213,2.00423036641439,,,,,,0.062370898662757364,0.3994105558194478,0.0650563094557328,0.206113762762218,0.19040578904014457,,,,,,1.4422290992234679,1.3102286551883948,1.5395285888449286,1.0689213907288586,1.1950463534650158,,,,,,2.373431740750568,2.1518397065987687,2.034030198353815,2.2484197627001525,2.4649179950270796,,,,,,0.09264135253762214,0.37606208827931586,0.12927458257523042,0.05863992922915248,0.19157818795468326,,,,,,1.0208101441609618,1.3235847624657253,1.3826384331193091,1.1670639293803424
1048,,,,,,2.1192003443786978,2.000344818792991,2.730460224516024,2.1851536240531093,2.005324960093747,,,,,,0.11144301682922979,0.3526956855420829,0.14026599338399892,0.19326827080511677,0.19422861787079684,,,,,,1.5313388114000333,1.3055015764280113,1.5760290355372375,1.0943977118366754,1.2491841347277148,,,,,,2.5495697002200908,2.163725764924156,2.0839261163166753,2.3989623470955626,2.4929100918017406,,,,,,0.1064034346250159,0.43886599472390203,0.10132245802387585,0.1102636408794848,0.13823036750294745,,,,,,1.0173833138382762,1.3100302670708137,1.4140040217195966,1.1733675171420526
1049,,,,,,2.118468538017484,2.0017414074767275,2.7400427891683017,2.1852456479920646,2.0034439657373437,,,,,,0.13267105072320784,0.34301043438939266,0.1834667953609043,0.17915294387757086,0.17173053135654112,,,,,,1.1617805442567182,1.305591908433453,1.6414816043550742,1.1076490970700636,1.295467823290456,,,,,,2.6385078262637034,2.181575450157778,2.018468743866327,2.350590629224456,2.4613382446752055,,,,,,0.1768270279114596,0.4645844286025953,0.07064137031513479,0.13916607381111248,0.1222700588860577,,,,,,1.016659921968604,1.320269551784118,1.3902508845601762,1.174789802906234
1050,,,,,,2.132200448183809,2.0003275667870835,2.65083013836177,2.2077364159217154,2.005534419572096,,,,,,0.16118472632355688,0.32121120590664354,0.23699817151193395,0.17538735416215154,0.1577403664253383,,,,,,1.4983454613016958,1.2378511509326788,1.5863171714874125,1.1110038629958432,1.3376695962031524,,,,,,2.6634348457836685,2.1610261733383744,2.0170718305989723,2.327065462102008,2.388505936248084,,,,,,0.18353061788159447,0.47929464514117,0.05482576492854399,0.16441219237027385,0.10081758775134449,,,,,,1.012265630843948,1.3079009360167646,1.3802538016903974,1.1997071145452753
1051,,,,,,2.1532532626080108,2.0003014962686336,2.5383651727220102,2.2092773110014554,2.002032978111048,,,,,,0.2105359591613747,0.2877585635563258,0.27632819707731615,0.151409099462351,0.16671403570185703,,,,,,1.4725016178808281,1.102588543707375,1.5139999892023348,1.120376665928244,1.341323306265482,,,,,,2.70107531535492,2.2133505877657704,2.0277849473636356,2.559854721244717,2.3809888844835245,,,,,,0.1977997970170853,0.48306472909952763,0.041589085106551155,0.17592010260342636,0.0714902231077789,,,,,,1.0073853977550296,1.2441101263774204,1.3616492358625965,1.2982063609314867
1052,,,,,,2.1330757036427013,2.00034,2.3806485897780263,2.210084467060276,2.0030647185841444,,,,,,0.24082816716488983,0.25972122766535705,0.3117231625978407,0.1688429924515669,0.15791706209273257,,,,,,1.4575236284608697,1.0840269302069288,1.4652266248829706,1.133967694986515,1.3425940654769137,,,,,,2.795532840805457,2.191155499528526,2.070939128835925,2.2666614462197336,2.2944873493038362,,,,,,0.17110137638254141,0.45818859198478534,0.029701011767278414,0.1804295302881434,0.0652530489709098,,,,,,1.0196910969729982,1.2235017539081072,1.3443938142591993,1.3645640171492521
1053,,,,,,2.0766436566194493,2.000183575597507,2.2633287116894016,2.20406032441413,2.0044531000437895,,,,,,0.2439273211429994,0.33251410511435425,0.34672405238171716,0.11977887960738325,0.15161065035148447,,,,,,1.442534556051841,1.1229975739598144,1.4196182814177667,1.137587517602434,1.3348731476245892,,,,,,2.8046994595505828,2.1676224626951885,2.0680491388630307,2.1148815738053757,2.2901591813126037,,,,,,0.14948764296757092,0.46267821338053083,0.007950509417641013,0.2273567691976641,0.059112606100560294,,,,,,1.0340453462311667,1.191160397833861,1.3201430781697456,1.3908473800602992
1054,,,,,,2.039763158828242,2.000192353840617,2.1884084618588027,2.2006859407133446,2.00051923019943,,,,,,0.24682599721261153,0.3074023454692561,0.33901117872424213,0.055351015347507616,0.1488449024992118,,,,,,1.4294989289497706,1.1580431754300071,1.3809475819584631,1.1366627077881892,1.450870323929176,,,,,,2.784533428535075,2.1440285475174976,2.0639844238858176,2.0394373427096704,2.193130472479098,,,,,,0.11084350138821857,0.42223359089514656,0.01405193225147356,0.23996306257422237,0.07222488490818123,,,,,,1.0307379716311924,1.1648449089295756,1.2963456822698793,1.406793892038708
1055,,,,,,2.007592759709091,2.0003939543120715,2.150652613983296,2.194590360501233,2.004807598152924,,,,,,0.24547648461716212,0.2554706327545303,0.33189073774361333,0.015521372362004486,0.13121518585895503,,,,,,1.415931030960663,1.2064488316750666,1.3455301231441332,1.1310306731265622,1.3735657587359955,,,,,,2.756245946821535,2.1610121610313957,2.027881221278846,2.0378739065848768,2.1471973902621917,,,,,,0.0900826559333149,0.3679803249289423,0.042058447427359646,0.20793609018157444,0.09520693304586589,,,,,,1.041675178463925,1.275683172137872,1.2764502358472494,1.4111884099777132
1056,,,,,,2.0104339829403735,2.0018696791168535,2.147630137844547,2.1848609588312256,2.0031522690240524,,,,,,0.24182964789289202,0.12859214633872496,0.31759602847013096,0.05944735570233553,0.1219918460389873,,,,,,1.4236475762246257,1.3534104763585821,1.3097523556004056,1.124923690707567,1.3726635257923694,,,,,,2.7090146738255845,2.12444055970623,2.075409636652088,2.287903075704307,2.1116276475609874,,,,,,0.13759250124915956,0.32497952591509516,0.07394000405734404,0.1695318875610131,0.17315824207931893,,,,,,1.029588600845596,1.123638111033775,1.2544285465508933,1.4126244569823752
1057,,,,,,2.008743557628334,2.000921357693841,2.1163989596173436,2.1739515018618696,2.004491347236632,,,,,,0.23715294326657627,0.10638610294582587,0.2991929390878067,0.10946604085285982,0.11181323937709688,,,,,,1.503117791067857,1.4248442026202075,1.2617629570814024,1.1183987588617388,1.359323260144678,,,,,,2.669095176787279,2.043022154757753,2.1084375861959312,2.41482854000177,2.082876371783519,,,,,,0.24882084840302285,0.37516513834443627,0.08623048764793047,0.1592133367529242,0.24266218462916708,,,,,,1.0346949967574575,1.0396575364842549,1.2299499580343516,1.4042448782606898
1058,,,,,,2.0569380364958256,2.0010568348972284,2.160982474201387,2.162270308436263,2.003758257574994,,,,,,0.22424385052883855,0.08718335219524441,0.28119359398819893,0.12612232355931305,0.10131478322535156,,,,,,1.5443277114248364,1.4454870986560666,1.264732370895589,1.1100915182927367,1.3739492775711701,,,,,,2.62852112597748,2.0136869901731536,2.1040950190931342,2.4672164417055553,2.0558354949830306,,,,,,0.33277019698284255,0.427788883679789,0.09804101182668437,0.1810816326964172,0.22264090005207943,,,,,,1.0350612834904829,1.0245490712655287,1.2296023799963753,1.3905428034159635
1059,,,,,,2.0487694627815407,2.0013656134152824,2.199163619669858,2.150803783109045,2.0007178439941935,,,,,,0.2180908145704442,0.06687120157436988,0.2549202953866169,0.15889063565861886,0.12522951768652635,,,,,,1.5292370437715033,1.4524066767201829,1.198527831801992,1.1022359398646093,1.3639513666082324,,,,,,2.568373275233803,2.016818923865694,2.091068932682886,2.4981997431753653,2.093501917092646,,,,,,0.3781100708788388,0.4774322323639241,0.06604854956772348,0.05512154297550029,0.21118759139921076,,,,,,1.0663080274175005,1.0447787538906566,1.2587104638394042,1.3725380649007561
1060,,,,,,2.0332772610050767,2.001348072698337,2.2715539705104675,2.1437379897591446,2.00527015180047,,,,,,0.2028407730215995,0.050129721722746545,0.2358047709441009,0.1694209989936313,0.09966460605450661,,,,,,1.5298980400982818,1.3979152258911438,1.120814780552712,1.0815913181655985,1.3469050555987907,,,,,,2.537914919387815,2.0414817212757614,2.077813493045872,2.512124998022944,2.078042007278132,,,,,,0.40308856260132186,0.4744505888920362,0.10321253024705852,0.05251375629299439,0.1814098662035778,,,,,,1.0930967523601123,1.1459483579900782,1.2355584320290833,1.3532637400073775
1061,,,,,,2.0655980921978676,2.0014221462653325,2.5301313211837235,2.1330801055755515,2.00465292381197,,,,,,0.23479049554869144,0.04479121565664381,0.21241000211854452,0.1788462652671282,0.11013539394763185,,,,,,1.5222010939283832,1.3605478926869494,1.0799091590495113,1.1101535296756302,1.4103816539771241,,,,,,2.473322148752834,2.0641427509544146,2.162873845966748,2.5158777405548722,2.080014814253362,,,,,,0.4143352112722255,0.4618050589805183,0.05171665109034008,0.02694636153546509,0.15150539823900672,,,,,,1.0538659410017126,1.1371300346386597,1.1655801669886827,1.3291965095440716
1062,,,,,,2.0450515759990706,2.001427795503565,2.61760682549661,2.1234852043768813,2.0041153493168866,,,,,,0.42956546090206055,0.02114437277386079,0.19376827320281265,0.18030856579763474,0.10538035205862598,,,,,,1.513762655026618,1.3149325125546742,1.0523477000449875,1.0535482081866425,1.4372393073089382,,,,,,2.4160791532869683,2.075877528952912,2.2248794861698156,2.5369217913253284,2.077302296214279,,,,,,0.41917759720672126,0.4529364891461053,0.041089192009578605,0.06523595404376287,0.1797558419728268,,,,,,1.0256020096867413,1.0536400121178209,1.1503539058355314,1.308588703146583
1063,,,,,,2.0439791052660237,2.0011186599125743,2.5012603424369413,2.1154062329339274,2.004476751054057,,,,,,0.5271678831264287,0.019220197709700904,0.17425588655767138,0.18346156354942592,0.12966112177518768,,,,,,1.5550061460020057,1.3537251726976751,1.0347094295545174,1.0608636089958523,1.4393816484561002,,,,,,2.362059884825701,2.0878899317328217,2.243548894680308,2.6031956081570886,2.06567651787359,,,,,,0.4129112449425423,0.4419418134777476,0.037624763122177704,0.14289134963320935,0.05845269903092649,,,,,,1.1081868393105188,1.0377089286509182,1.059104176671366,1.3480651972336362
1064,,,,,,2.044554628266882,2.0008631338250815,2.4561548318279662,2.1257829753981037,2.000943663075467,,,,,,0.5698966867283929,0.025812773969490246,0.15366422127483031,0.21630323252323333,0.13471122187850532,,,,,,1.5309749608032381,1.4036319313743648,1.043422825794736,1.080132056631538,1.4330533678428101,,,,,,2.3182770046673187,2.071953530142725,2.2505307464164828,2.66022730934126,2.0689002851953457,,,,,,0.39402760677394144,0.42682966450329984,0.047354007222198444,0.1759683619290697,0.09694811856740679,,,,,,1.1104255645219892,1.0263847778084254,1.1560963305142058,1.4028706331081977
1065,,,,,,2.0400479837195338,2.000687968022512,2.984720790985953,2.1421399064302493,2.0049162994213128,,,,,,0.5971085154383582,0.05944917997752381,0.12125246801611916,0.2384421858648339,0.14329375492323487,,,,,,1.5207907607667397,1.39150879862399,1.0591304473177736,1.1057447738661343,1.428534166199149,,,,,,2.2792261950462382,2.0667050597781005,2.2285406037359663,2.6237614365284214,2.049630487605906,,,,,,0.3295926038308505,0.4084652157773051,0.05723110430526387,0.19549073635341346,0.12784006687560823,,,,,,1.0956915968097514,1.0302910894488795,1.2496114280236381,1.3998063488602952
1066,,,,,,2.0557982831277095,2.0006753517601967,2.6787286793704834,2.1574954783477924,2.0003671511950136,,,,,,0.6122629642269732,0.19289527339984291,0.045107870710110104,0.23995746289707323,0.1469630610051381,,,,,,1.430173565203628,1.3590146132123313,1.1129351234116303,1.1189009608876235,1.4095742151307866,,,,,,2.2287002678179455,2.0663529607478073,2.350560316991242,2.5970139345283325,2.0586536563225177,,,,,,0.3694094705066452,0.38972180077588686,0.06020124334264189,0.20736885494210555,0.1312720412311778,,,,,,1.096792157740181,1.033010195394756,1.3069117809729691,1.399880142167625
1067,,,,,,2.0479295034399483,2.000710633520177,2.706947628116822,2.1644591621041527,2.0038296866712564,,,,,,0.6119272442447713,0.3858514309938472,0.01718544733197243,0.235077123089423,0.1495217726620442,,,,,,1.4165777407639544,1.3900526627264582,1.1463430982315184,1.1284772870977586,1.3960118677514601,,,,,,2.1848441843824147,2.063860911362115,2.329268325042054,2.5633536501532586,2.063618646637601,,,,,,0.2783247982124484,0.3650239401737917,0.042149927639321204,0.21549086407548723,0.12948756708271247,,,,,,1.1045152299906573,1.0461862533661261,1.338252711445156,1.3968915661739363
1068,,,,,,2.0561579282025253,2.0005360037313307,2.6121923313796076,2.1677878604071226,2.0010640488710583,,,,,,0.6098074025264042,0.46043943901451384,0.025762736655875612,0.24570269025796196,0.1836541295479083,,,,,,1.2566224715413674,1.4504898742480234,1.2275828923711096,1.1123741593961889,1.3499159013248754,,,,,,2.182872153156242,2.069200405345634,2.302370930255473,2.5321767169099,2.045651045990207,,,,,,0.1752881299460976,0.35084320201480285,0.11931676328161112,0.24902029234582435,0.1449140106442439,,,,,,1.1043020062127284,1.2246553611646076,1.3669863913008227,1.3907622461292801
1069,,,,,,2.020388163232621,2.0002668332812825,2.522067977374594,2.168392942845002,2.0054228498043,,,,,,0.5899439003837568,0.5505750469472803,0.09208347354438828,0.25178239573091715,0.15716028505955343,,,,,,1.156425497282253,1.4585479413322013,1.2654118039952258,1.017860128778931,1.241973172066657,,,,,,2.1595313699558805,2.1184347018402967,2.286354421838131,2.4914292888717564,2.026480339876973,,,,,,0.12646843598305443,0.3106621246627923,0.06909883139388107,0.2914022048646854,0.1419553633505968,,,,,,1.0889701837696202,1.2341910581128153,1.3944880410101175,1.3773554358956552
1070,,,,,,2.0504623622118507,2.0006224146527836,2.4606956973968828,2.1649623050881623,2.003806363093558,,,,,,0.5699306446402053,0.44631968780796577,0.1901709349506385,0.32687695559644436,0.12782326587910378,,,,,,1.0823705991237162,1.4472298532074976,1.28009670490743,1.0766973089488803,1.1882558100033045,,,,,,2.126079873889531,2.03829901434763,2.2564463660393925,2.4725306042998696,2.0398431989177572,,,,,,0.08654352546551403,0.26550792568207776,0.05279903787002183,0.3052085885095633,0.13980023732454824,,,,,,1.080183414743948,1.2013858033725313,1.3824000256276139,1.3667159232975847
1071,,,,,,2.010953812121814,2.0002816025568064,2.3477161097792276,2.1618540394923773,2.0049741029341983,,,,,,0.5420476917209409,0.3712948613285672,0.26808835950111676,0.2743040823611635,0.11287015593149456,,,,,,1.151687547939836,2.89673280619596,1.2845887650628536,1.1834880579220348,1.1437118773797068,,,,,,2.0833926915262966,2.0431170557900233,2.284937059227121,2.480821828539429,2.045761697958009,,,,,,0.047816080977010046,0.2148881220542448,0.05535041101925071,0.30433981270941207,0.129690080252886,,,,,,1.0697979548410985,1.2005516354957002,1.3145927631081173,1.348489694826117
1072,,,,,,2.0255861564131856,2.0001236931687685,2.3467553215164836,2.1525246115910477,2.0083482033995343,,,,,,0.5122580335143609,1.2156596300297218,0.2990103973108627,0.2787615640650629,0.07694186506707554,,,,,,1.2741820781889293,1.0,1.322399448045433,1.2412600339882265,1.1035112515623302,,,,,,2.1164981600713073,2.0805064748948805,2.334417170948203,2.373594600737216,2.0445809611829984,,,,,,0.057952712619859036,0.5193870480672392,0.05771175443529717,0.30504635795236135,0.11759508658528212,,,,,,1.0595634535600482,1.1903909010430904,1.1739738888454243,1.3317998759794825
1073,,,,,,2.0640854874367043,2.0004686149805546,2.0269409762258164,2.1497415647073317,2.1984603035873924,,,,,,0.4763409274878651,0.5903187925934595,0.30991970911834565,0.1454812486198821,0.04010729858766317,,,,,,1.3661267732630322,1.3354519926904587,1.4703825715308767,1.2613401287594384,1.0720673608508045,,,,,,2.0421712935537903,2.0901008013282896,2.4388435398654176,2.3064832284155203,2.084019600689363,,,,,,0.10212765394348429,0.20237482896842623,0.07239274425658966,0.30339972972960927,0.13468742183292384,,,,,,1.054283303141942,1.3081468242575278,1.0734094598808626,1.3211700155680788
1074,,,,,,2.0760265019581987,2.0001799999999994,2.066312907491679,2.139145409514651,2.4485468431501887,,,,,,0.44424708305176325,0.4872456714266428,0.2872809029504047,0.07730588399339373,0.041145954843701926,,,,,,1.3989213867417993,1.5335856197462596,1.5225819806499261,1.2858387288314863,1.047988152704599,,,,,,2.022056438969154,2.0821140456925615,2.45338924759994,2.2531076776788885,2.126268059698405,,,,,,0.09325771281776107,0.1731669059029471,0.061564070690623036,0.2975843055337427,0.10627874716988349,,,,,,1.047187159270293,1.1752275469211393,1.0201818854421485,1.3125529155199163
1075,,,,,,2.108692396238191,2.00054083269132,2.058173743218053,2.149169047811535,2.5313883796245453,,,,,,0.4144667206181942,0.3084604695905134,0.28040920758776827,0.039061306941780664,0.08944111917904429,,,,,,1.420464396233498,1.276660890080257,1.5497098857579332,1.371954475171358,1.0765978256871567,,,,,,2.0088822181914208,2.0742998149392036,2.462789863418042,2.1808231871193513,2.1368304425191997,,,,,,0.18185445444090695,0.13047808436668545,0.09898510767282095,0.28870108018502466,0.0963455385578388,,,,,,1.02186595755964,1.1001883052057475,1.068402913680632,1.2915857179287087
1076,,,,,,2.107347313427026,2.0002640075756486,2.1414870824492467,2.1527139769274575,2.582762634526271,,,,,,0.37674384852310405,0.027834151684576123,0.33826141739784665,0.008011753865415484,0.1064983201745456,,,,,,1.440910676894992,1.2503436096647964,1.541304398138423,1.3404967654765607,1.1064723673072032,,,,,,2.005644085399779,2.063581557860751,2.431233411883866,2.1671735364823035,2.130947258466911,,,,,,0.019501066637494208,0.11146346890349376,0.1214040755329079,0.273581960114332,0.08661332230090232,,,,,,1.0290588368659177,1.0294337306503947,1.11240401460802,1.2819523394121772
1077,,,,,,2.0929744911252537,2.0002884441020368,2.144209370361291,2.1446612654306607,2.6013470170375834,,,,,,0.3330194932732923,0.8801195577874632,0.2979541872503216,0.04511170247286103,0.12228206491550613,,,,,,1.4102720897160812,1.1648741216807537,1.5393627730053308,1.3390143303755755,1.1627798860424716,,,,,,2.015223363623063,2.0631911417842725,2.371017384503745,2.124362195622303,2.1235858491090305,,,,,,0.06315907852399405,0.20171549395125843,0.09090787029185053,0.2601446676370669,0.080253398681925,,,,,,1.037537194887205,1.040355090137429,1.1153900168992104,1.260186472553821
1078,,,,,,2.0706652057238926,2.00007211102551,2.2750938743411058,2.137518772933589,2.67754226554511,,,,,,0.15650064344915618,0.2123620159068005,0.26957235540759744,0.02119132133681153,0.12321409821931878,,,,,,1.2225514524778482,1.301666165819105,1.5197390007965537,1.327605394338982,1.2123616295379185,,,,,,2.022311945231199,2.05445183651632,2.2895803137110673,2.1005602809264174,2.136643542840487,,,,,,0.10301816538843987,0.07265475689863632,0.116247997354793,0.24619307875121116,0.073446586033661,,,,,,1.0829424957425322,1.0918232083952628,1.1836150854368996,1.2348294483236717
1079,,,,,,2.019391255761296,2.0003860051813125,2.414337639250889,2.147930261897152,2.6552681750245464,,,,,,0.05883711753646694,0.17145040390736904,0.24516652809876022,0.016901340183547615,0.09082618840400626,,,,,,1.1295100652459107,1.2467861270412097,1.496452272591233,1.3039654166184045,1.2338974683488473,,,,,,2.028147122410648,2.0540742748448833,2.2331730484532892,2.0754276355190853,2.1201760978730797,,,,,,0.12094785736010376,0.09870603730269034,0.07011296601913303,0.23088621130115158,0.06465675912076049,,,,,,1.086977382117422,1.1196636139350638,1.2051291751555593,1.2125093357949244
1080,,,,,,2.0247608238958232,2.001128051417268,2.4079388113430737,2.115739636291981,2.4378527250115045,,,,,,0.09549257824564197,0.15921725566030842,0.2227838544419225,0.03941422205245184,0.06480672573120798,,,,,,1.0359821094434443,1.2716555121840896,1.4658290790622672,1.2797331172743047,1.242288348254719,,,,,,2.031484627995261,2.052650425449373,2.1570351835863546,2.073431721347113,2.0972536084471933,,,,,,0.11732489335175222,0.1183870305396664,0.04170337065513997,0.25144171175244573,0.05638106242347675,,,,,,1.0715996550271016,1.1377320140708036,1.1912007348312232,1.1897816137037516
1081,,,,,,2.117074584773981,2.0008238931969617,2.4157894675193208,2.0703146156143943,2.2746863538656408,,,,,,0.1488938632046331,0.15344952655515057,0.25774159540128583,0.03214871226036872,0.07320036953458656,,,,,,1.1605445944278412,1.589830247613667,1.4103217595984887,1.255869898190467,1.2381956527730935,,,,,,2.033298798777133,2.0586799940354465,2.0956139006839485,2.043515616736983,2.073260413601071,,,,,,0.1516085287838386,0.1280329039739397,0.029998148342855906,0.32220842637367897,0.050447240757052376,,,,,,1.1095178241200951,1.150076490164183,1.289948683045811,1.1716491823458535
1082,,,,,,2.136168874931094,2.000528015151297,2.4497565763832694,2.0354799030579285,2.1928869974881673,,,,,,0.1953080367010021,0.14387866276831995,0.22020546814282305,0.026341110454952774,0.09507691886046768,,,,,,1.3630303415694065,1.1649079822203885,1.367504308818278,1.232500209032164,1.1923460415501184,,,,,,2.034680461357947,2.0546106601315164,2.0985314924072505,2.022534322710035,2.0537054671425548,,,,,,0.17619542445818495,0.13264044933578914,0.008079795851381378,0.3964867721740569,0.046251362142103555,,,,,,1.1105727511641095,1.1584636175909155,1.285051339235584,1.15561624625983
1083,,,,,,2.1442635716319267,2.000277308492478,2.43842577353527,2.0698302153011143,2.100259832934231,,,,,,0.23743236594870556,0.07858461172519746,0.23928775982068168,0.021312315688352474,0.07660035770151424,,,,,,1.423049707835852,1.1635517034457301,1.3301509038303543,1.2116349963970987,1.1622463241494239,,,,,,2.0372227202122573,2.0523451898458682,2.16522673984634,2.1499451649770673,2.058959012746144,,,,,,0.18218615232777705,0.13109415852737258,0.020195004555582236,0.40190628191656824,0.03912902375475203,,,,,,1.0587649453330807,1.160161255302274,1.2960204080802538,1.1248092384401087
1084,,,,,,2.15968306892091,2.000330151480384,2.3791573588894197,2.0958315899116777,2.1814765012336306,,,,,,0.2704877623849181,0.11104695313244735,0.22295871994609254,0.05488409696806543,0.0372004099439776,,,,,,1.4658025884427865,1.1205154450682566,1.1979766200842916,1.188887413026914,1.1380420374378764,,,,,,2.0334981387542648,2.0492555347143853,2.1168228237838824,2.2464121689365197,2.087824871853024,,,,,,0.18592440211010502,0.12661619683121145,0.032084293104259386,0.39722755005789806,0.02544965618628305,,,,,,1.0410103621052047,1.1583017324605136,1.3158717451751585,1.1388694710870608
1085,,,,,,2.1423842326242615,2.000400249921924,3.234401369287964,2.117403606312626,2.5444164421653706,,,,,,0.2878201565213942,0.0799515278152962,0.19123339980244003,0.04262496568913644,0.05356762081705696,,,,,,1.4663298511783265,1.1379266333961644,1.1007690756135038,1.1686146770005506,1.1138360825924716,,,,,,2.037376883230147,2.0459009803816874,2.0642821437992263,2.2469661134649854,2.0631425728015578,,,,,,0.18475965198062033,0.12234121341559394,0.0396095223525862,0.38725410378716474,0.042247575078339906,,,,,,1.0330577025820002,1.169190757726301,1.2484278490829883,1.0395114223990989
1086,,,,,,2.1640706021808906,2.000715681493403,2.1969005325030895,2.13198798066343,2.557895495948838,,,,,,0.2917707583017878,0.10165630428064953,0.18326741690764378,0.05091518437558615,0.08981892729263688,,,,,,1.4254106300975564,1.2132768909188245,1.0294306642806446,1.1889998624338123,1.088120655921299,,,,,,2.0434487859439128,2.0451626770685705,2.139381732289021,2.153950063657018,2.125645048052042,,,,,,0.1799966969141378,0.1230094175256517,0.043946144586299626,0.39164800139921546,0.027292975286692365,,,,,,1.0256809735017969,1.1823768716147964,1.2394744015547376,1.0659732142615472
1087,,,,,,2.1131633354934363,2.0005288667128873,2.1850712349340107,2.145910885820764,2.613343396964539,,,,,,0.2925441185530822,0.1313174188750292,0.5016129767061456,0.09251190896311719,0.10514958868202962,,,,,,1.4145746863955881,1.202285843548183,1.030060665328632,1.1568765071640748,1.0657925717691594,,,,,,2.0428713144188513,2.0383943394265356,2.293199405516468,2.164692004056056,2.1205160445749858,,,,,,0.17415004916737759,0.11410281766897742,0.04860560152904167,0.382276461477816,0.025103406143390142,,,,,,1.0426164123314012,1.1811868124340186,1.2249368631416384,1.1012789514163734
1088,,,,,,2.0895364506779224,2.000612045749924,2.222284059932331,2.1568485407040816,2.7881819345810963,,,,,,0.3116640353008349,0.1687087816327299,0.08757649513425397,0.027848455971561,0.11659255893923949,,,,,,2.2753883415258276,1.2005570320607086,1.0876417891191181,1.1571183657660682,1.0688589543922944,,,,,,2.0389882969620374,2.040454256883547,2.369982695299388,2.185256186401426,2.0957927972240085,,,,,,0.16017346408191338,0.09215274982332375,0.048643937556493766,0.3684833017926319,0.014654258766652151,,,,,,1.0360152967501313,1.1574705686787214,1.1687750988742116,1.1441491772435757
1089,,,,,,2.0424724875654814,2.000120415945788,2.253856032033907,2.155343745146047,2.759279414313334,,,,,,0.2718886943217756,0.17898370037520128,0.096076447165786,0.00022203603311208973,0.16627783285814132,,,,,,1.3214133295306845,1.2306716345825812,1.146781484186528,1.183385165823193,1.0469872206030533,,,,,,2.0355685493097484,2.026804600351432,2.406202780660103,2.2040243127668857,2.101597873993504,,,,,,0.23130072416661393,0.10235229992530658,0.06684741398139457,0.34717142797183076,0.022228855121215738,,,,,,1.0435978921508824,1.1059318766944115,1.1901905562850061,1.2270517813187118
1090,,,,,,2.0127746154540946,2.001688342382339,2.2332142021833152,2.158863626500845,2.1957308161736417,,,,,,0.24788334453932143,0.18170629323168747,0.1168087291258663,0.015200950628168066,0.1909755377005125,,,,,,1.343708733668494,1.395432204714032,1.2225192598405812,1.1925280359454176,1.0513213649467743,,,,,,2.0320447640028756,2.010600382068586,2.434937734422986,2.1984386718863034,2.0916214614596385,,,,,,0.2594354830800906,0.03671648131289267,0.11050447276015594,0.37425354093181257,0.026556274211568382,,,,,,1.0578349729834813,1.0621242891307414,1.1205240660615132,1.3607397683926736
1091,,,,,,2.053315023211099,2.000469574275275,2.2237769174870365,2.151919264203063,2.283810503857768,,,,,,0.22711062260493226,0.17883390541225694,0.11889327062538026,0.030294073677866455,0.27513840826027913,,,,,,1.3434837872447547,1.4138619680086584,1.2564061748476427,1.1860350487435096,1.0105815877825588,,,,,,2.0286852941417726,2.031078540828038,2.511365613256308,2.275432754951186,2.0706648781220203,,,,,,0.2784174410198199,0.0012909686285886358,0.11070027546939472,0.44768120666384953,0.02166531790673758,,,,,,1.069888648577577,1.1205382072207815,1.0842124248552436,1.3841220328229036
1092,,,,,,2.083667291697533,2.0002968164415926,2.2490174381443997,2.147646752405869,2.3916574773957473,,,,,,0.2026662882671906,0.20089394298733884,0.1329366285114833,0.056749075763398556,0.3013172940605968,,,,,,1.3232191046333748,1.4333551117513212,1.2698198156177563,1.1789380317428355,1.0244577554162266,,,,,,2.0257688125454005,2.0417361833425143,2.588958396092627,2.207891138098766,2.0865157673490793,,,,,,0.2772828382308666,0.016345620208483975,0.1455569968809473,0.45427644182810095,0.012756978482383795,,,,,,1.0717913427928463,1.0966646419328183,1.051533120417843,1.4295979721786405
1093,,,,,,2.1225366361542535,2.0004808326112067,2.24074639706546,2.139051611281567,2.5078941780528696,,,,,,0.186717196047927,0.21741898166673448,0.1207256592444209,0.12381547076193664,0.3118236772600822,,,,,,1.294107572496867,1.428600944935963,1.2758020676137145,1.174184574686997,1.0229840379394053,,,,,,2.024360008210179,2.063829755600347,2.5986098492273575,2.137074402059611,2.040320031001972,,,,,,0.2748655399718197,0.035195472720223185,0.16546042955643517,0.4591493252744682,0.021065338829461,,,,,,1.0872317883572267,1.0857093396311044,1.022926284042557,1.447761231573257
1094,,,,,,2.1398473614338145,2.000843800924389,2.2241109555555014,2.132046174121025,2.5300365545884547,,,,,,0.15967074371969345,0.2878154095614065,0.12381035538273849,0.14240799485983938,0.2904430472571171,,,,,,1.2531740952388295,1.4187670389369247,1.2737572329638067,1.1674571397333957,1.0249693572204006,,,,,,2.021948906578689,2.0751535714387552,2.598116006063205,2.1128018767574375,2.022450265031843,,,,,,0.2640482851601199,0.10839040594074735,0.17409487530941245,0.4066105282699903,0.027741467156586957,,,,,,1.0446736488323936,1.0803793418733942,1.0411651175147112,1.4498155307456608
1095,,,,,,2.1597573966988697,2.0005594640292284,2.212518909511601,2.1229547676993454,2.4463776134619657,,,,,,0.1476633265235482,0.29193656609784213,0.12992808472381945,0.2825491574929931,0.3196220231773774,,,,,,1.3031045346081116,1.4560207806668464,1.2913563257868277,1.15486965075185,1.0253966454477752,,,,,,2.019516767150325,2.0545252464460266,2.5896994612512376,2.0674367570394665,2.007368127306175,,,,,,0.24203335539755677,0.07821969317250028,0.17225506465703777,0.5461129818087093,0.02379164769409635,,,,,,1.078604041880809,1.1042993096813207,1.0472040729174925,1.4423348470333306
1096,,,,,,2.1852636016599054,2.0004837354648983,2.0606018225798532,2.1141903590501405,2.4419351025886047,,,,,,0.1353586055631485,0.29170930594686256,0.14335031391664238,0.34396533604420076,0.3360840043798575,,,,,,1.574495572915928,1.5881914553519119,1.3277760327250911,1.1506523147017662,1.0204623068103285,,,,,,2.004838729172004,2.092290727594922,2.5479418445419184,2.0834259935511708,2.0067105364912203,,,,,,0.21878460823376034,0.04554724140933204,0.16670263345250397,0.33161169355135833,0.023032509633125246,,,,,,1.1085938571006668,1.1613735170342396,1.1301967837544387,1.4218142731108085
1097,,,,,,2.0991519601419957,2.0009929753269846,2.157332745796926,2.1052453386141163,2.3894200213137475,,,,,,0.12212980840073397,0.2929716457884617,0.14396827011532787,0.447054093483104,0.31993118025600437,,,,,,1.346212229853308,1.6062686062538618,1.3279291699818727,1.1397514121180892,1.0323623005980724,,,,,,2.0216248583810392,2.0956636033191307,2.4619329459997417,2.1361336934781394,2.018870686262031,,,,,,0.19466159071578543,0.029098867675564258,0.1526375478052497,0.21790596068028972,0.030479875327828806,,,,,,1.0962715679731039,1.259429985498978,1.1348899699755322,1.4247593203215205
1098,,,,,,2.073881624914454,2.0009269843580126,2.2241770090798787,2.098445473740543,2.417021336264705,,,,,,0.1076398448531024,0.284657542547181,0.02941246334464373,0.5274997725117994,0.36454537838244505,,,,,,1.4137272966580765,1.5587598542495695,1.3365140658887826,1.1669848520824568,1.0459411895797222,,,,,,2.026985614686348,2.07659386006724,2.4133684075978716,2.113934599222537,2.036281385034202,,,,,,0.1759320667189471,0.021532120192865545,0.13765084235121838,0.18455521152218912,0.049283629127733944,,,,,,1.0919752249249766,1.2196586711809938,1.1903012393548715,1.40701017739118
1099,,,,,,2.0201054345886877,2.0003982461550347,2.2553500281965912,2.0802814299822816,2.232134968498932,,,,,,0.09836965487384847,0.277495891935358,0.10024206552141639,0.5460915001169672,0.3563186063398878,,,,,,1.6103530221928946,1.603925748220756,1.3352814652556864,1.1807793461764922,1.0560414311023552,,,,,,2.0315324103106627,2.0647841986907305,2.358603428037156,2.129522913030861,2.0538857393008576,,,,,,0.1465569411525772,0.029448575517331526,0.12511834118145934,0.07543032082657476,0.045935481928461114,,,,,,1.0835656777630622,1.2359827478778906,1.225207851106483,1.413967581943321
1100,,,,,,2.018255851116834,2.000220227155455,2.2727701877038613,2.065388394230169,2.1473424667229377,,,,,,0.12606270979159534,0.2762109899768652,0.07476967567135753,0.5716768546128141,0.34277082385173924,,,,,,1.1683774996844891,1.5874603768978806,1.3233650336693812,1.2169074860948788,1.0614286521095817,,,,,,2.0302479916688694,2.0769222497070907,2.3235644294418036,2.0272345681074624,2.072699645116053,,,,,,0.1296820920559196,0.04111236432023829,0.11129077814446306,0.031207641692380304,0.06919360158280581,,,,,,1.0907382576425182,1.268553605293245,1.2537091074439393,1.3876971676450578
1101,,,,,,2.0617368382734322,2.0001104536101724,2.268802917580892,2.0600475095237094,2.0567462113272765,,,,,,0.1871066340352474,0.32125094254180797,0.10422611189140689,0.5706279053814315,0.330479212092077,,,,,,1.2747781783548324,1.5362786500505123,1.312124169876349,1.1984450614149924,1.0676174186138452,,,,,,2.0306948464729833,2.071865232901591,2.238003267414547,2.0699989178487783,2.0906541218036994,,,,,,0.11246651412753911,0.052324472285920444,0.09676595940722094,0.047160615984102504,0.07443273607761519,,,,,,1.1513064205511452,1.2866228700313358,1.2667318691120348,1.3587964910642243
1102,,,,,,2.062818399374706,2.000368781778292,2.2358092069873443,2.052568783512651,2.015540630617835,,,,,,0.26386666708775464,0.3484269131410489,0.03805837227207689,0.5540176157849135,0.31516982384739817,,,,,,1.2714810085438764,1.4998611519212108,1.3020959149012117,1.1849382870040706,1.0697962355718413,,,,,,2.030105786819148,2.106725820680846,2.2007512216650245,2.0852738793535277,2.111418532121008,,,,,,0.0995215604781198,0.05850990001700508,0.084531680451769,0.07945878994799764,0.07918851558149144,,,,,,1.1026022694680775,1.302392349513013,1.3129420879332148,1.3295637737616197
1103,,,,,,2.0865675210457133,2.000331058907145,2.0919414406021573,2.0508144251172835,2.0984195763047166,,,,,,0.28662032377345475,0.3602437414709659,0.02684478534091849,0.5294516168640908,0.2957816460904902,,,,,,1.2737366371167729,1.456947446102941,1.2916144200824093,1.1748414496050636,1.0659155224510888,,,,,,2.0367228770659382,2.1268338318430846,2.1651520856665147,2.0949218820925926,2.138417802684481,,,,,,0.09077636090965517,0.0624942629366888,0.07470795673822206,0.07982445364673672,0.08413282653043282,,,,,,1.1676704282215569,1.3065035277268435,1.372061257859509,1.305322369801166
1104,,,,,,2.0328276910549614,2.0002641968962727,2.0459399923813666,2.0452238709090675,3.460908973824174,,,,,,0.29821213473130165,0.35792938160480753,0.05507056745667351,0.5020476887706984,0.28037997290106154,,,,,,1.1883230628468011,1.446405572769875,1.267556900116592,1.1658062345028075,1.075081988519218,,,,,,2.020174290569931,2.0821301905513443,2.1353071413488593,2.0926001609069877,2.1356500575009094,,,,,,0.0893937022390282,0.06359466801548679,0.07428991923538455,0.09419572070959471,0.10512482913184715,,,,,,1.2129897485795964,1.3079897969348984,1.3788182895531838,1.4060321664834081
1105,,,,,,2.016531721023535,2.00025179356624,2.0944649802837008,2.042440458291588,2.0,,,,,,0.3089573889648862,0.3511497776305718,0.11669086425252029,0.4719821634341703,0.2622359461038857,,,,,,1.2342951371667792,1.7086787800548282,1.2601158649525244,1.1571848675922718,1.1219427119593461,,,,,,2.0511384160881034,2.109024985209813,2.125171911385902,2.0859300226928865,2.1833326258471204,,,,,,0.08237610454494661,0.06756797836253584,0.06557568451796783,0.08429455083218639,0.0859283282742076,,,,,,1.1994639962499505,1.3037140918297996,1.382279357800026,1.4556396071730486
1106,,,,,,2.0083038786118297,2.0000640312423745,2.141994205867704,2.041472131606658,3.078079009581394,,,,,,0.3142692920872161,0.34028344802531896,0.0965594143519936,0.43948225431864707,0.2431818021563291,,,,,,1.2157848298653082,1.7850930609806717,1.2510919357526245,1.1866142031036224,1.1624561700890423,,,,,,2.0320720267522963,2.088466477832001,2.0839085406856768,2.0804658834537966,2.24318915765305,,,,,,0.0783388537061909,0.08700442804823173,0.05290967491867564,0.06924089037555753,0.19329969503338626,,,,,,1.1818676587521812,1.2955007096861193,1.3762142247443598,1.5360845998245054
1107,,,,,,2.014501603359629,2.0003373425558686,2.1808235562641105,2.0383670301170156,2.451628226863645,,,,,,0.3182005067733394,0.3303758999987741,0.06280918165364052,0.4025279594326337,0.23154052129163055,,,,,,1.1561148362584412,1.533628929125848,1.2355803032938022,1.1470572490562772,1.1812562523059553,,,,,,2.0320177606962133,2.116173723793292,2.117104176270533,2.1118574458853767,2.3236972074331192,,,,,,0.07658733576773649,0.06735984709008778,0.0939886397390667,0.047494330187928625,0.2188351840998145,,,,,,1.1714171662932276,1.275494198849994,1.3677638549395523,1.5609586318580007
1108,,,,,,2.017601832290986,2.0005869412236335,2.213115520317034,2.030711074549745,2.405283165330118,,,,,,0.31491567158718853,0.31182478932509516,0.1309207775717818,0.3829849165189146,0.2156423265502391,,,,,,1.134623734163037,1.4328284879718525,1.2173448368376854,1.1477639827562862,1.2045908661206552,,,,,,2.0043797945157276,2.1504361286393663,2.0978140787412523,2.055418143238474,2.2676169449044665,,,,,,0.07254617564007085,0.07520596252957622,0.06934386851048928,0.03861070576925506,0.26335421963583566,,,,,,1.1580642363091664,1.255402191065386,1.3524053305499224,1.5542748586216049
1109,,,,,,2.0232968259640667,2.0006606814663663,2.0573078092409753,2.0215878322209524,2.3515081293512288,,,,,,0.5071698875376968,0.2990797312059779,0.04510747277336647,0.3865870550458202,0.19292617474049495,,,,,,1.0911683453836911,1.727113570290089,1.2074590506581961,1.0661862160876416,1.2200827776087901,,,,,,2.0110981665152403,2.1269971121718916,2.073531982157426,2.019541105393503,2.2391525046910443,,,,,,0.06885338045441196,0.08867575373234798,0.03780622435525643,0.02095210013339942,0.2960826250964422,,,,,,1.1547372999635188,1.2272672024490117,1.3364464798448634,1.5529776452986144
1110,,,,,,2.013460534907647,2.000398120584748,2.1382742933447862,2.0193607050491456,2.329554886779122,,,,,,0.7254151899353913,0.28736705283661174,0.05142599051063587,0.4442589683551702,0.18906516151845634,,,,,,1.1282851113730659,1.11275458818159,1.194621829453944,1.0469559495697829,1.2224451467216126,,,,,,2.0369217144780687,2.106075322766419,2.058550017079417,2.168124742378985,2.198598690831536,,,,,,0.0666936646166637,0.1112404602651387,0.031093233990693196,0.023553309746190906,0.2533962445282089,,,,,,1.143690457581567,1.2111418763320057,1.336303758676587,1.93208919455168
1111,,,,,,2.091929627977056,2.0010140019723845,2.1801628277420178,2.01796356312094,2.307759709188841,,,,,,0.7604554780524629,0.28707403503103507,0.18046645699409047,0.47079471046306354,0.2267016338714832,,,,,,1.1603828921674628,1.1804347237202422,1.1870338987991218,1.0416403890471737,1.2161461172447936,,,,,,2.05754913379018,2.057823539324396,2.004744944678287,2.3103269322827136,2.150259273590684,,,,,,0.06419998520249026,0.12349657363668019,0.015343158084305896,0.028190246540248563,0.29435182633032864,,,,,,1.1326258624854142,1.197601608417037,1.4113220184964574,1.9294050196227688
1112,,,,,,2.194791137632081,2.000516236379966,2.2276099200386485,2.0177599239863238,2.2950030738822904,,,,,,0.7635652454767702,0.3450091500366331,0.2457360032636651,0.4694209438233451,0.18961760783218418,,,,,,1.1827780955147529,1.110578725462903,1.1684363951169698,1.0492195916277247,1.2560564634997529,,,,,,2.0848067479626473,2.0409073489730147,2.0108605570759517,2.329365226610218,2.101835877764175,,,,,,0.06286382823214008,0.12623230727511867,0.015346895451523292,0.030860865185538475,0.2642572721213174,,,,,,1.1254105194949768,1.173167152647377,1.5102710715884253,1.7082042731444091
1113,,,,,,2.1467325325209097,2.000421900462195,2.26172533885736,2.017766217943051,2.3961679700581557,,,,,,0.7705023299770088,0.3877050462658436,0.3456844364445707,0.4639354025077197,0.1466738347490784,,,,,,1.2081889269389707,1.057559948088928,1.1585463670350094,1.056400830667642,1.3354776449914356,,,,,,2.1068182802707476,2.0380264710432088,2.0174516503517577,2.3307293190813296,2.0714101596413284,,,,,,0.06182316151734741,0.12748107938043224,0.022129737910784344,0.027354180667678914,0.23657081641867844,,,,,,1.1244599807166944,1.1477215522799906,1.5122224310629124,1.8133777176841028
1114,,,,,,2.5883264408472564,2.0000899999999997,2.29868884746505,2.0223374170395774,2.2776472121235867,,,,,,0.7350067600369404,0.42361604927103497,0.3818346695888153,0.4546294880449353,0.1288152230910618,,,,,,,1.3303057615013696,1.1503721879205062,1.061836106766193,1.3183574373184959,,,,,,2.125134473667331,2.0340138515901978,2.0371917947940137,2.3411965071626613,2.0363028442411886,,,,,,0.0594534927485338,0.12718510958441664,0.04407590044457422,0.02749804356677054,0.20480781649146118,,,,,,1.119174308053372,1.1467363952906369,1.503964806835755,1.2655960980982213
1115,,,,,,2.090088189014987,2.0007093659140387,2.308029122162175,2.020058000897398,2.0983715838034542,,,,,,0.5552649977263105,0.4698064577035956,0.4087511322308478,0.4567957308250595,0.1156587796062196,,,,,,,1.5111327296309642,1.1432911905875582,1.063267800657206,1.2625074154076412,,,,,,2.1301803825466794,2.0236912177821234,2.0385180749778593,2.3052809612471763,2.0711410106759804,,,,,,0.058714155874030935,0.12396053081525603,0.05243200644644432,0.045387392522593654,0.2290856957559769,,,,,,1.0980235808364498,1.1620366184985356,1.5090922828535116,1.2403757748214237
1116,,,,,,2.1153538425887928,2.0001910497317454,2.3009143607407263,2.019094192834472,2.2002937558312787,,,,,,0.4412474763667206,0.5330297065830382,0.42230517697513503,0.4539826340291,0.10507084895440753,,,,,,,1.559034402161441,1.1347217001822654,1.066206428690876,1.245079979345519,,,,,,2.1436284348588397,2.0136078947673766,2.0379112186562236,2.2079327285445944,2.1091577427395785,,,,,,0.057611339161661695,0.1438062390857916,0.06989051509325142,0.027614309696242716,0.26379963342658364,,,,,,1.081988465652188,1.1623091203968525,1.500279219992196,1.1634894177003514
1117,,,,,,2.127848364088087,2.000712530701093,2.352033770681166,2.017241244154643,2.173282417584705,,,,,,0.24136084210161357,0.5791611160981028,0.430733089163115,0.45467565516530617,0.09275130888564347,,,,,,,1.5817669804999248,1.130277993920692,1.066240969950628,1.2193630300255949,,,,,,2.1429366419082245,2.0056947783099957,2.062215948116218,2.170620843099546,2.1075620248972657,,,,,,0.05965229668671622,0.15190243217276037,0.08198545236808781,0.027052530380724103,0.1902474629235303,,,,,,1.0045049750276778,1.2405245793177904,1.4715345941116094,1.1249507177090232
1118,,,,,,2.1269153458018373,2.0000447213595502,2.384470068795999,2.0167534653131822,2.1703537463662013,,,,,,0.09205030363882608,0.5931984326513343,0.5123450987371693,0.40109901022066863,0.0834667939961754,,,,,,,1.7967541137640892,1.1271764986151145,1.0659718674891048,1.2003097023900988,,,,,,2.1395221158096454,2.00101178060863,2.140670953647155,2.163371616873923,2.13441624046223,,,,,,0.1342080250953718,0.15535603753958188,0.0950050214462372,0.028650914470571404,0.07959503102135199,,,,,,1.0404832125701504,1.2690756335382303,1.4444357565498076,1.7056612027913962
1119,,,,,,2.120030468215366,2.00075,2.4230911817800034,2.018851896456325,2.1826776668232872,,,,,,0.04647279849546395,0.5667445147506943,0.8482160499542555,0.3902643506650326,0.11122144442507481,,,,,,,1.9575607200068312,1.1185010177171484,1.0643871361375858,1.2214345813011147,,,,,,2.1308030855905162,2.0058324780325347,2.177407114288013,2.1442828905310676,2.0837822236515597,,,,,,0.09867062886188567,0.15740745852722468,0.09896544043250691,0.06769478931202863,0.041700957902786856,,,,,,1.0728377539467002,1.273807619587184,1.4134017640262313,1.6884186837608635
1120,,,,,,2.111417156668083,2.0005797413216246,2.7771156357943134,2.01609541860282,2.056155200337992,,,,,,0.10762993356868701,0.5210593713771976,1.101620914516423,0.3320968685489225,0.044828885776918494,,,,,,,1.924187708747525,1.1145116395830574,1.0646766642615402,1.251958445305967,,,,,,2.125135368701259,2.0249111380711513,2.305797530931824,2.1106946127867117,2.0568981159617783,,,,,,0.1372709747178917,0.15422105336172537,0.11570149610095774,0.058196317752929994,0.0392194010790578,,,,,,1.1086950877454906,1.274553162247314,1.3837306754743488,1.7429104655066046
1121,,,,,,2.1019124295657794,2.0004588027898786,2.8036986288130645,2.0130232292462353,2.015328682265609,,,,,,0.17648301363020735,0.48651487633987084,1.0458086240440934,0.2735815450647207,0.07675945414084166,,,,,,,1.884120278016515,1.10844318696903,1.062014163704754,1.2373568395665056,,,,,,2.117575019880926,2.0623317358975344,2.327879790302788,2.092270412375799,2.0451643188811697,,,,,,0.18450576820251458,0.1481624959293004,0.137343133792702,0.042783217504063824,0.06929364744332638,,,,,,1.126838203235461,1.2732953640294689,1.3501582814956687,2.236550986143317
1122,,,,,,2.2318103692676408,2.0007169379331575,2.778519356897438,2.012572847728339,2.055115586552263,,,,,,0.2311005765895019,1.3438497872158188,1.0088928203337557,0.22995964906913613,0.12966315320861233,,,,,,,1.8533935955934986,1.121294208023302,1.0619858508048408,1.189534831387268,,,,,,2.1100028663262913,2.0441286324283907,2.2874111468280236,2.084521630959181,2.067533595343355,,,,,,0.19825978840904665,0.1440259577298475,0.16901371364478102,0.07436050699127843,0.09273763466899526,,,,,,1.1492161130709415,1.265645070159414,1.3197971897937815,2.354162522437248
